,,単語,意味,フレーズ,訳,英作問題,和訳問題,
1 ,1 ,run,を経営する,run a big company,大会社を経営する,(    ) a big company,大会社(    ),
2 ,1 ,meet,を満たす,meet people's needs,人々の必要を満たす,(    ) people's needs,人々の必要(    ),
2 ,2 ,meet,に対処する,how to meet the problem,問題に対処する方法,how to (    ) the problem,問題(    )方法,
3 ,3 ,right,すぐ,right in front of my house,私の家のすぐ前に,(    ) in front of my house,私の家の(    )前に,
3 ,1 ,right,権利,the right to vote,投票する権利,the (    ) to vote,投票する(    ),
3 ,2 ,right,善,right and wrong,善と悪,(    ) and wrong,(    )と悪,
4 ,1 ,last,続いた,The war lasted four years.,戦争は４年続いた,The war (    ) four years.,戦争は４年(    ),
4 ,3 ,last,そうにない,the last man who would tell a lie,最も嘘をつきそうにない人,the (    ) man who would tell a lie,最も嘘をつき(    )人,
4 ,2 ,last,もつ,Our food will last a week.,食料は１週間もつだろう,Our food will (    ) a week.,食料は１週間(    )だろう,
4 ,4 ,last,最近,He's moved twice in the last year.,彼は最近１年間に２回引っ越した,He's moved twice in the (    ) year.,彼は(    )１年間に２回引っ越した,
5 ,1 ,stand,には耐え,I can't stand this heat.,この暑さには耐えられない,I can't (    ) this heat.,この暑さ(    )られない,
6 ,2 ,turn,変わり目,the turn of the century,世紀の変わり目,the (    ) of the century,世紀の(    ),
6 ,1 ,turn,番,Now it's your turn.,さあ君の番だ,Now it's your (    ).,さあ君の(    )だ,
7 ,4 ,case,患者［症例］,new cases of malaria,マラリアの新しい患者［症例］,new (    ) of malaria,マラリアの新しい(    ),
7 ,3 ,case,主張,make a case for war,戦争を支持する主張をする,make a (    ) for war,戦争を支持する(    )をする,
7 ,1 ,case,事実,It is also the case with him.,それは彼についても事実だ,It is also the (    ) with him.,それは彼についても(    )だ,
7 ,2 ,case,事件,a murder case,殺人事件,a murder (    ),殺人(    ),
8 ,1 ,face,に直面する［立ち向かう］,face a problem,問題に直面する［立ち向かう］,(    ) a problem,問題(    ),
8 ,2 ,face,に迫っている,problems facing Japan,日本に迫っている問題,problems (    ) Japan,日本(    )問題,
8 ,3 ,face,面目,lose face,面目を失う,lose (    ),(    )を失う,
9 ,2 ,certain,確信している,I am certain of his success.,私は彼の成功を確信している,I am (    ) of his success.,私は彼の成功を(    ),
9 ,1 ,certain,ある,a certain amount of time,ある程度の時間,a (    ) amount of time,(    )程度の時間,
9 ,3 ,certain,確実だ,He is certain to come.,彼が来るのは確実だ,He is (    ) to come.,彼が来るのは(    ),
10 ,3 ,company,来客,We have company today.,今日は来客がある,We have (    ) today.,今日は(    )がある,
10 ,2 ,company,一緒にいること,I enjoy your company.,君と一緒にいることは楽しい,I enjoy your (    ).,君と(    )は楽しい,
10 ,1 ,company,仲間,keep bad company,悪い仲間とつきあう,keep bad (    ),悪い(    )とつきあう,
11 ,3 ,attend,注意する,attend to what he says,彼の言うことに注意する,(    ) to what he says,彼の言うことに(    ),
11 ,2 ,attend,世話する,attend to patients,患者を世話する,(    ) to patients,患者を(    ),
11 ,1 ,attend,に出席する,attend the meeting,ミーティングに出席する,(    ) the meeting,ミーティング(    ),
12 ,2 ,otherwise,その他の点では,He is poor but otherwise happy.,彼は貧しいがその他の点では幸福だ,He is poor but (    ) happy.,彼は貧しいが(    )幸福だ,
12 ,1 ,otherwise,さもなければ,He worked hard; otherwise he would have failed.,彼は努力した。さもなければ失敗しただろう。,He worked hard; (    ) he would have failed.,彼は努力した。(    )失敗しただろう。,
12 ,4 ,otherwise,ちがう方法で,I can't do it otherwise.,ちがう方法ではできない,I can't do it (    ).,(    )はできない,
12 ,3 ,otherwise,違う,"He is honest, but people think otherwise.",彼は正直なのに人は違うと思っている,"He is honest, but people think (    ).",彼は正直なのに人は(    )と思っている,
13 ,3 ,miss,見逃す,You can't miss it.,見逃すはずないよ,You can't (    ) it.,(    )はずないよ,
13 ,1 ,miss,に乗り遅れる,miss the last train,終電車に乗り遅れる,(    ) the last train,終電車(    ),
13 ,2 ,miss,が恋しい,I sometimes miss Japan.,時には日本が恋しい,I sometimes (    ) Japan.,時には日本(    ),
14 ,2 ,term,期,long-term planning,長期的な計画,long-(    ) planning,長(    )的な計画,
14 ,3 ,term,仲,I am on good terms with him.,彼とは仲がよい,I am on good (    ) with him.,彼とは(    )がよい,
14 ,1 ,term,用語,use scientific terms,科学用語を使う,use scientific (    ),科学(    )を使う,
15 ,3 ,practice,を営む,practice medicine,医者を営む,(    ) medicine,医者(    ),
15 ,1 ,practice,実践,theory and practice,理論と実践,theory and (    ),理論と(    ),
15 ,2 ,practice,習慣,business practice,商習慣,business (    ),商(    ),
16 ,2 ,challenge,に異議をとなえる,challenge the theory,その理論に異議をとなえる,(    ) the theory,その理論(    ),
16 ,1 ,challenge,難問,face a new challenge,新しい難問に直面する,face a new (    ),新しい(    )に直面する,
17 ,1 ,race,人種,a race problem,人種問題,a (    ) problem,(    )問題,
18 ,1 ,issue,問題,a political issue,政治問題,a political (    ),政治(    ),
18 ,3 ,issue,号,the latest issue of Time,「タイム」の最新号,the latest (    ) of Time,「タイム」の最新(    ),
18 ,2 ,issue,を出す,issue an order,命令を出す,(    ) an order,命令(    ),
19 ,1 ,party,党,the Democratic Party,民主党,the Democratic (    ),民主(    ),
19 ,2 ,party,団,a party of tourists,観光客の一団,a (    ) of tourists,観光客の一(    ),
19 ,3 ,party,相手,Your party is on the line.,相手の方が電話に出ています,Your (    ) is on the line.,(    )の方が電話に出ています,
20 ,1 ,room,余地,There is no room for doubt.,疑問の余地はない,There is no (    ) for doubt.,疑問の(    )はない,
21 ,1 ,sense,意味,"In a sense, it is right.",ある意味ではそれは正しい,"In a (    ), it is right.",ある(    )ではそれは正しい,
21 ,2 ,sense,正気,He came to his senses.,彼は正気に戻った,He came to his (    ).,彼は(    )に戻った,
22 ,1 ,do,十分役に立つ,This pen will do.,このペンで十分役に立つ,This pen will (    ).,このペンで(    ),
22 ,2 ,do,を与える,do harm to the area,その地域に害を与える,(    ) harm to the area,その地域に害(    ),
23 ,1 ,part,役割,play a part in the economy,経済で役割を果たす,play a (    ) in the economy,経済で(    )を果たす,
23 ,2 ,part,側,a fault on our part,私たちの側の過失,a fault on our (    ),私たちの(    )の過失,
23 ,3 ,part,手放す,part with the car,車を手放す,(    ) with the car,車を(    ),
24 ,4 ,figure,と思う,I figure you are busy.,君は忙しいと思う,I (    ) you are busy.,君は忙しい(    ),
24 ,1 ,figure,数字,Tell me the exact figures.,正確な数字を教えてくれ,Tell me the exact (    ).,正確な(    )を教えてくれ,
24 ,3 ,figure,スタイル,She has a beautiful figure.,彼女はスタイルが美しい,She has a beautiful (    ).,彼女は(    )が美しい,
24 ,2 ,figure,人物,historical figures,歴史上の人物,historical (    ),歴史上の(    ),
25 ,3 ,character,登場人物,the characters of the novel,その小説の登場人物,the (    ) of the novel,その小説の(    ),
25 ,1 ,character,性格,his true character,彼の本当の性格,his true (    ),彼の本当の(    ),
25 ,2 ,character,人物,He's an odd character.,彼は変わった人物だ,He's an odd (    ).,彼は変わった(    )だ,
26 ,1 ,very,まさにその,the very man I was looking for,私が探していたまさにその男,the (    ) man I was looking for,私が探していた(    )男,
27 ,4 ,order,順,in alphabetical order,アルファベット順で,in alphabetical (    ),アルファベット(    )で,
27 ,1 ,order,を注文する,order a book from England,英国に本を注文する,(    ) a book from England,英国に本(    ),
27 ,2 ,order,命令,carry out his order,彼の命令を遂行する,carry out his (    ),彼の(    )を遂行する,
27 ,3 ,order,秩序,law and order,法と秩序,law and (    ),法と(    ),
28 ,1 ,sound,聞こえる,That sounds true.,それは本当らしく聞こえる,That (    ) true.,それは本当らしく(    ),
28 ,2 ,sound,健全な,a sound body,健全な肉体,a (    ) body,(    )肉体,
28 ,3 ,sound,ぐっすり,She is sound asleep.,彼女はぐっすり眠っている,She is (    ) asleep.,彼女は(    )眠っている,
29 ,1 ,way,点,In some ways they are right.,いくつかの点で彼らは正しい,In some (    ) they are right.,いくつかの(    )で彼らは正しい,
29 ,3 ,way,方,"Come this way, please.",こちらの方へどうぞ,"Come this (    ), please.",こちらの(    )へどうぞ,
29 ,2 ,way,距離,The island is a long way off.,その島までは距離が遠い,The island is a long (    ) off.,その島までは(    )が遠い,
30 ,3 ,concern,に関係する,This problem concerns everyone.,この問題はみんなに関係する,This problem (    ) everyone.,この問題はみんな(    ),
30 ,1 ,concern,不安,concern about the future,将来への不安,(    ) about the future,将来への(    ),
30 ,2 ,concern,思いやり,concern for others,他人への思いやり,(    ) for others,他人への(    ),
30 ,4 ,concern,重要,a matter of great concern,大変重要な問題,a matter of great (    ),大変(    )な問題,
31 ,1 ,even,さらに,This is even better.,これはさらによい,This is (    ) better.,これは(    )よい,
32 ,2 ,still,さらに,a still better idea,さらによい考え,a (    ) better idea,(    )よい考え,
32 ,1 ,still,まだ,He is still working.,まだ彼が働いている,He is (    ) working.,(    )彼が働いている,
32 ,4 ,still,それでも,"It's raining. Still, I have to go.",雨だ。それでも行かねばならない。,"It's raining. (    ), I have to go.",雨だ。(    )行かねばならない。,
32 ,3 ,still,静かに,The water became still.,水は静かになった,The water became (    ).,水は(    )なった,
33 ,1 ,mean,つもりだった,I meant to call you sooner.,すぐに電話するつもりだった,I (    ) to call you sooner.,すぐに電話する(    ),
33 ,2 ,mean,本気で言ってる,I love you. I mean it.,好きだ。本気で言ってるんだ。,I love you. I (    ) it.,好きだ。(    )んだ。,
33 ,3 ,mean,意地悪だ,He is mean to me.,彼は私に意地悪だ,He is (    ) to me.,彼は私に(    ),
34 ,2 ,leave,放置する,leave the door open,ドアを開けたまま放置する,(    ) the door open,ドアを開けたまま(    ),
34 ,3 ,leave,残り,There is little time left.,残り時間はほとんどない,There is little time (    ).,(    )時間はほとんどない,
34 ,1 ,leave,を置き忘れる,leave an umbrella on the train,電車に傘を置き忘れる,(    ) an umbrella on the train,電車に傘(    ),
34 ,4 ,leave,休暇,take paid parental leave,有給の育児休暇を取る,take paid parental (    ),有給の育児(    )を取る,
35 ,1 ,most,たいていの,Most people think so.,たいていの人はそう考える,(    ) people think so.,(    )人はそう考える,
35 ,2 ,most,非常に,a most important point,非常に重要な点,a (    ) important point,(    )重要な点,
36 ,1 ,things,状況,Things have changed.,状況は変わった,(    ) have changed.,(    )は変わった,
37 ,2 ,will,遺言,leave a will,遺言を残す,leave a (    ),(    )を残す,
37 ,1 ,will,意志,against his will,彼の意志に反して,against his (    ),彼の(    )に反して,
38 ,2 ,state,を述べる,state an opinion,意見を述べる,(    ) an opinion,意見(    ),
38 ,1 ,state,状態,an excited state of mind,興奮した精神状態,an excited (    ) of mind,興奮した精神(    ),
38 ,3 ,state,国家,a state secret,国家機密,a (    ) secret,(    )機密,
39 ,2 ,mind,人々,talented minds,才能ある人々,talented (    ),才能ある(    ),
39 ,1 ,mind,いやで,I don't mind walking.,歩くのはいやではない,I don't (    ) walking.,歩くのは(    )はない,
40 ,1 ,help,ずにはいられない,I cannot help laughing.,笑わずにはいられない,I cannot (    ) laughing.,笑わ(    ),
41 ,2 ,matter,物質,soft matter,やわらかい物質,soft (    ),やわらかい(    ),
41 ,3 ,matter,異常だ,Something is the matter with my car.,私の車はどこか異常だ,Something is the (    ) with my car.,私の車はどこか(    ),
41 ,1 ,matter,重要で,It doesn't matter what he says.,彼が何と言おうと重要ではない,It doesn't (    ) what he says.,彼が何と言おうと(    )はない,
42 ,1 ,means,手段,a means of communication,コミュニケーションの手段,a (    ) of communication,コミュニケーションの(    ),
42 ,2 ,means,資産,a man of means,資産家,a man of (    ),(    )家,
43 ,2 ,content,満足している,be content with result,結果に満足している,be (    ) with result,結果に(    ),
43 ,1 ,content,内容,the contents of her letter,彼女の手紙の内容,the (    ) of her letter,彼女の手紙の(    ),
44 ,1 ,respect,点,in some respects,いくつかの点で,in some (    ),いくつかの(    )で,
44 ,2 ,respect,を尊重する,respect the law,法を尊重する,(    ) the law,法(    ),
45 ,1 ,reason,推理する,the ability to reason,推理する能力,the ability to (    ),(    )能力,
45 ,2 ,reason,理性,He lost his reason.,彼は理性を失った,He lost his (    ).,彼は(    )を失った,
46 ,1 ,cause,原因,the cause of the failure,失敗の原因,the (    ) of the failure,失敗の(    ),
46 ,2 ,cause,を引き起こす,cause a lot of trouble,多くの問題を引き起こす,(    ) a lot of trouble,多くの問題(    ),
46 ,3 ,cause,運動,advance the cause of peace,平和運動を推進する,advance the (    ) of peace,平和(    )を推進する,
47 ,1 ,hold,を開く,hold a meeting,会合を開く,(    ) a meeting,会合(    ),
47 ,2 ,hold,と考える,They hold that the earth is flat.,彼らは地球を平らだと考える,They (    ) that the earth is flat.,彼らは地球を平らだ(    ),
48 ,2 ,fortune,運,bring good fortune,幸運をもたらす,bring good (    ),幸(    )をもたらす,
48 ,1 ,fortune,財産,make a fortune in oil,石油で財産を築く,make a (    ) in oil,石油で(    )を築く,
49 ,2 ,humanity,人文科学,science and the humanities,自然科学と人文科学,science and the (    ),自然科学と(    ),
49 ,1 ,humanity,人類,the future of humanity,人類の未来,the future of (    ),(    )の未来,
50 ,1 ,end,目的,a means to an end,目的を果たす手段,a means to an (    ),(    )を果たす手段,
51 ,1 ,form,を作る,form a new company,新しい会社を作る,(    ) a new company,新しい会社(    ),
51 ,2 ,form,用紙,fill out the application form,申込用紙に記入する,fill out the application (    ),申込(    )に記入する,
51 ,3 ,form,一種,Knowledge is a form of power.,知識は一種の力だ,Knowledge is a (    ) of power.,知識は(    )の力だ,
52 ,2 ,change,おつり,Keep the change.,おつりはいりません,Keep the (    ).,(    )はいりません,
52 ,1 ,change,小銭,I have no change with me.,小銭の持ち合わせがない,I have no (    ) with me.,(    )の持ち合わせがない,
53 ,5 ,present,を紹介する,present Mr. Boyd to you,君にボイド氏を紹介する,(    ) Mr. Boyd to you,君にボイド氏(    ),
53 ,2 ,present,現在,the present and future,現在と未来,the (    ) and future,(    )と未来,
53 ,1 ,present,現在の,my present address,現在の住所,my (    ) address,(    )住所,
53 ,4 ,present,を提示する,present a plan to the president,社長に計画を提示する,(    ) a plan to the president,社長に計画(    ),
53 ,3 ,present,出席している,the people present ,出席している人々,the people (    ) ,(    )人々,
53 ,6 ,present,を与える,present the winner with the prize,勝者に賞を与える,(    ) the winner with the prize,勝者に賞(    ),
54 ,2 ,work,うまく行く,This plan will work.,この計画はうまく行く,This plan will (    ).,この計画は(    ),
54 ,1 ,work,作品,works of art,芸術作品,(    ) of art,芸術(    ),
55 ,1 ,lead,引き起こす,One thing leads to another.,ひとつの事が別の事を引き起こす,One thing (    ) to another.,ひとつの事が別の事を(    ),
55 ,3 ,lead,一流の,leading artists,一流のアーティスト,(    ) artists,(    )アーティスト,
55 ,2 ,lead,を送る,lead a happy life,幸福な生活を送る,(    ) a happy life,幸福な生活(    ),
56 ,1 ,life,生物,There is no life on the moon.,月には生物がいない,There is no (    ) on the moon.,月には(    )がいない,
57 ,1 ,care,気にし,I don't care what you say.,君が何と言おうと気にしない,I don't (    ) what you say.,君が何と言おうと(    )ない,
57 ,2 ,care,世話,A baby requires a constant care.,赤ちゃんはつねに世話が必要だ,A baby requires a constant (    ).,赤ちゃんはつねに(    )が必要だ,
58 ,2 ,class,授業,sleep in class,授業中にいねむりする,sleep in (    ),(    )中にいねむりする,
58 ,1 ,class,階級,middle-class families,中流階級の家庭,middle-(    ) families,中流(    )の家庭,
59 ,1 ,natural,生まれながらの,his natural abilities,彼の生まれながらの才能,his (    ) abilities,彼の(    )才能,
60 ,1 ,free,無い,a life free from stress,ストレスの無い生活,a life (    ) from stress,ストレスの(    )生活,
60 ,2 ,free,解放する,free them from work,彼らを労働から解放する,(    ) them from work,彼らを労働から(    ),
61 ,1 ,head,向かう,head straight for Paris,まっすぐパリに向かう,(    ) straight for Paris,まっすぐパリに(    ),
61 ,2 ,head,率いられた,a team headed by a woman,女性に率いられたチーム,a team (    ) by a woman,女性に(    )チーム,
62 ,3 ,deal,取引,make a deal with Microsoft,マイクロソフトと取引する,make a (    ) with Microsoft,マイクロソフトと(    )する,
62 ,2 ,deal,大量,a great deal of data,大量のデータ,a great (    ) of data,(    )のデータ,
62 ,1 ,deal,処理する,deal with the problem,問題を処理する,(    ) with the problem,問題を(    ),
63 ,1 ,view,見解,my view of education,教育に関する私の見解,my (    ) of education,教育に関する私の(    ),
63 ,2 ,view,考える,view Japan as a safe society,日本を安全な社会と考える,(    ) Japan as a safe society,日本を安全な社会と(    ),
64 ,1 ,chance,可能性,the chance of making them angry,彼らを怒らせる可能性,the (    ) of making them angry,彼らを怒らせる(    ),
65 ,4 ,close,終わり,the close of the 20th century,20世紀の終わり,the (    ) of the 20th century,20世紀の(    ),
65 ,2 ,close,親しい,a close friend ,親しい友達,a (    ) friend ,(    )友達,
65 ,1 ,close,近い,very close to the city,都市にとても近い,very (    ) to the city,都市にとても(    ),
65 ,3 ,close,綿密な,a close examination,綿密な検査,a (    ) examination,(    )検査,
66 ,2 ,interest,利,lend money at high interest rates ,高い利率でお金を貸す,lend money at high (    ) rates ,高い(    )率でお金を貸す,
66 ,1 ,interest,利益,protect workers' interests,労働者の利益を守る,protect workers' (    ),労働者の(    )を守る,
67 ,1 ,fail,できない,fail to understand him,彼を理解できない,(    ) to understand him,彼を理解(    ),
68 ,2 ,major,専攻する,major in economics,経済学を専攻する,(    ) in economics,経済学を(    ),
68 ,1 ,major,主要な,a major problem,主要な問題,a (    ) problem,(    )問題,
69 ,2 ,agree,同じ考えである,I agree with you.,私も君と同じ考えである,I (    ) with you.,私も君と(    ),
69 ,1 ,agree,同意する,agree to his proposal ,彼の提案に同意する,(    ) to his proposal ,彼の提案に(    ),
70 ,1 ,rule,支配,British colonial rule,イギリスの植民地支配,British colonial (    ),イギリスの植民地(    ),
70 ,2 ,rule,普通,Small families are the rule in Japan. ,日本では小家族が普通だ,Small families are the (    ) in Japan. ,日本では小家族が(    )だ,
71 ,3 ,process,を処理する,process data with a computer ,コンピュータでデータを処理する,(    ) data with a computer ,コンピュータでデータ(    ),
71 ,1 ,process,過程,the process of thought,思考の過程,the (    ) of thought,思考の(    ),
71 ,2 ,process,を加工する,how to process meat,肉を加工する方法,how to (    ) meat,肉(    )方法,
72 ,3 ,amount,等しい,This act amounts to stealing.,この行為は盗みに等しい,This act (    ) to stealing.,この行為は盗みに(    ),
72 ,2 ,amount,になる,The expenses amount to $90. ,経費は合計90ドルになる,The expenses (    ) to $90. ,経費は合計90ドル(    ),
72 ,1 ,amount,量,a large amount of water,大量の水,a large (    ) of water,大(    )の水,
73 ,1 ,long,切望する,long for world peace,世界平和を切望する,(    ) for world peace,世界平和を(    ),
74 ,4 ,line,種類,this line of business,こういう種類の仕事,this (    ) of business,こういう(    )の仕事,
74 ,2 ,line,列,wait in line,一列に並んで待つ,wait in (    ),一(    )に並んで待つ,
74 ,1 ,line,電話,The line is busy.,電話が話し中だ,The (    ) is busy.,(    )が話し中だ,
74 ,3 ,line,短い手紙,drop him a line,彼に短い手紙を書く,drop him a (    ),彼に(    )を書く,
75 ,1 ,letter,文字,a word of six letters,６文字の単語,a word of six (    ),６(    )の単語,
76 ,5 ,subject,被験者,the subject of the experiment,その実験の被験者,the (    ) of the experiment,その実験の(    ),
76 ,4 ,subject,学科,My favorite subject is math. ,好きな学科は数学です,My favorite (    ) is math. ,好きな(    )は数学です,
76 ,2 ,subject,かかりやすい,I am subject to illness. ,私は病気にかかりやすい,I am (    ) to illness. ,私は病気に(    ),
76 ,1 ,subject,支配される,People are subject to the law.,人は法に支配される,People are (    ) to the law.,人は法に(    ),
76 ,3 ,subject,話題,Let's change the subject.,話題を変えよう,Let's change the (    ).,(    )を変えよう,
77 ,2 ,rest,休息,Let's take a rest.,休息をとろう,Let's take a (    ).,(    )をとろう,
77 ,1 ,rest,残り,the rest of his life,彼の残りの人生,the (    ) of his life,彼の(    )の人生,
78 ,2 ,fine,罰金を科さ,be fined $60,60ドルの罰金を科される,be (    ) $60,60ドルの(    )れる,
78 ,1 ,fine,罰金,the fine for speeding ,スピード違反の罰金,the (    ) for speeding ,スピード違反の(    ),
78 ,3 ,fine,細かい,fine sand on the beach,海岸の細かい砂,(    ) sand on the beach,海岸の(    )砂,
79 ,1 ,wear,すり減って,My shoes have worn thin. ,靴がすり減って薄くなった,My shoes have (    ) thin. ,靴が(    )薄くなった,
80 ,1 ,remember,よろしくお伝え,Please remember me to your wife. ,奥さんによろしくお伝えください,Please (    ) me to your wife. ,奥さんに(    )ください,
80 ,2 ,remember,忘れずに,remember to lock the door,忘れずにドアにカギをかける,(    ) to lock the door,(    )ドアにカギをかける,
81 ,3 ,cover,進む,cover 120 miles an hour,１時間に120マイル進む,(    ) 120 miles an hour,１時間に120マイル(    ),
81 ,2 ,cover,を報道[取材]する,cover the big news ,大ニュースを報道[取材]する,(    ) the big news ,大ニュース(    ),
81 ,1 ,cover,をまかなう,The insurance covers the cost.,保険で費用をまかなう,The insurance (    ) the cost.,保険で費用(    ),
82 ,1 ,book,を予約する,book a flight,飛行機を予約する,(    ) a flight,飛行機(    ),
83 ,1 ,store,を蓄える,store information in a computer,コンピュータに情報を蓄える,(    ) information in a computer,コンピュータに情報(    ),
84 ,3 ,save,を除き,answer all the questions save one,一つを除きすべての質問に答える,answer all the questions (    ) one,一つ(    )すべての質問に答える,
84 ,2 ,save,を省く,save time and trouble,時間と手間を省く,(    ) time and trouble,時間と手間(    ),
84 ,1 ,save,を蓄える,save money for a new house,新しい家のためにお金を蓄える,(    ) money for a new house,新しい家のためにお金(    ),
85 ,1 ,serve,を出す,serve good food ,うまい料理を出す,(    ) good food ,うまい料理(    ),
85 ,3 ,serve,に仕える,serve the king,王に仕える,(    ) the king,王(    ),
85 ,2 ,serve,に役立つ,serve many purposes,多くの目的に役立つ,(    ) many purposes,多くの目的(    ),
86 ,2 ,account,原因だ,This accounts for the failure.,これが失敗の原因だ,This (    ) for the failure.,これが失敗の(    ),
86 ,3 ,account,説明する,account for the difference,違いを説明する,(    ) for the difference,違いを(    ),
86 ,1 ,account,占める,Black people account for 10% of the population.,黒人が人口の10％を占める,Black people (    ) for 10% of the population.,黒人が人口の10％を(    ),
87 ,1 ,art,技術,the art of writing,書く技術,the (    ) of writing,書く(    ),
88 ,2 ,fire,発砲する,fire into the crowd,群衆に向かって発砲する,(    ) into the crowd,群衆に向かって(    ),
88 ,1 ,fire,クビになった,He was fired from his job.,彼は仕事をクビになった,He was (    ) from his job.,彼は仕事を(    ),
89 ,1 ,object,物体,a strange flying object,奇妙な飛行物体,a strange flying (    ),奇妙な飛行(    ),
89 ,2 ,object,対象,an object of study,研究の対象,an (    ) of study,研究の(    ),
89 ,3 ,object,反対する,object to his drinking,彼が酒を飲むのに反対する,(    ) to his drinking,彼が酒を飲むのに(    ),
90 ,1 ,manage,何とか,manage to catch the train,何とか列車に間に合う,(    ) to catch the train,(    )列車に間に合う,
90 ,2 ,manage,を経営する,manage a big company,大会社を経営する,(    ) a big company,大会社(    ),
91 ,1 ,ground,根拠,On what grounds do you say that?,どんな根拠でそう言うのか？,On what (    ) do you say that?,どんな(    )でそう言うのか？,
92 ,1 ,assume,と思い込む,assume that money can buy happiness,金で幸福が買えると思い込む,(    ) that money can buy happiness,金で幸福が買える(    ),
92 ,2 ,assume,を引き受ける,assume responsibility,責任を引き受ける,(    ) responsibility,責任(    ),
93 ,2 ,direct,を向ける,direct his attention to the fact,その事実に彼の注意を向ける,(    ) his attention to the fact,その事実に彼の注意(    ),
93 ,1 ,direct,直接の,direct contact,直接の接触,(    ) contact,(    )接触,
93 ,3 ,direct,道を教える,direct her to the station,彼女に駅への道を教える,(    ) her to the station,彼女に駅への(    ),
93 ,4 ,direct,に指図する,direct the workers,労働者たちに指図する,(    ) the workers,労働者たち(    ),
94 ,1 ,fault,責任,"If he fails, it'll be my fault.",彼が失敗したら私の責任だ,"If he fails, it'll be my (    ).",彼が失敗したら私の(    )だ,
94 ,2 ,fault,欠点,He has a lot of faults.,彼は欠点が多い,He has a lot of (    ).,彼は(    )が多い,
95 ,3 ,due,予定だ,The train is due to arrive at ten.,その列車は10時に着く予定だ,The train is (    ) to arrive at ten.,その列車は10時に着く(    ),
95 ,4 ,due,期限だ,The report is due next Wednesday.,レポートは水曜が期限だ,The report is (    ) next Wednesday.,レポートは水曜が(    ),
95 ,2 ,due,十分な,pay due respect,十分な敬意を払う,pay (    ) respect,(    )敬意を払う,
95 ,1 ,due,のせいで,He is tired due to lack of sleep.,睡眠不足のせいで疲れている,He is tired (    ) to lack of sleep.,睡眠不足(    )疲れている,
96 ,3 ,manner,行儀,It's bad manners to spit.,つばを吐くのは行儀が悪い,It's bad (    ) to spit.,つばを吐くのは(    )が悪い,
96 ,1 ,manner,方法,in a scientific manner,科学的な方法で,in a scientific (    ),科学的な(    )で,
96 ,2 ,manner,態度,her friendly manner,彼女の好意的な態度,her friendly (    ),彼女の好意的な(    ),
97 ,1 ,pretty,かなり,a pretty long time,かなり長い間,a (    ) long time,(    )長い間,
98 ,3 ,strike,を襲った,The typhoon struck Osaka.,その台風は大阪を襲った,The typhoon (    ) Osaka.,その台風は大阪(    ),
98 ,1 ,strike,印象を与えた,The man struck me as strange.　,その男は私に奇妙な印象を与えた,The man (    ) me as strange.　,その男は私に奇妙な(    ),
98 ,2 ,strike,浮かんだ,Suddenly an idea struck him.,突然彼にある考えが浮かんだ,Suddenly an idea (    ) him.,突然彼にある考えが(    ),
99 ,1 ,exercise,運動,get regular exercise,規則的に運動する,get regular (    ),規則的に(    )する,
99 ,2 ,exercise,を用いる,exercise power over people,人々に対し権力を用いる,(    ) power over people,人々に対し権力(    ),
100 ,1 ,maintain,を維持する,maintain health,健康を維持する,(    ) health,健康(    ),
100 ,2 ,maintain,を主張する,maintain that he is innocent,彼の無罪を主張する,(    ) that he is innocent,彼の無罪(    ),
101 ,2 ,firm,堅い,a firm belief,堅い信念,a (    ) belief,(    )信念,
101 ,1 ,firm,会社,work for a big firm,大きな会社に勤める,work for a big (    ),大きな(    )に勤める,
102 ,1 ,article,記事,a newspaper article,新聞の記事,a newspaper (    ),新聞の(    ),
102 ,2 ,article,品物,an article for sale,販売用の品物,an (    ) for sale,販売用の(    ),
103 ,1 ,count,重要な,That's what counts.,それが重要なことだ,That's what (    ).,それが(    )ことだ,
104 ,2 ,appreciate,を鑑賞する,appreciate music,音楽を鑑賞する,(    ) music,音楽(    ),
104 ,3 ,appreciate,に感謝する,I appreciate your help.,君の助けに感謝する,I (    ) your help.,君の助け(    ),
104 ,1 ,appreciate,を高く評価する,appreciate his talent,彼の才能を高く評価する,(    ) his talent,彼の才能(    ),
105 ,2 ,measure,程度,a measure of respect,ある程度の尊敬,a (    ) of respect,ある(    )の尊敬,
105 ,1 ,measure,手段,take strong measures,強硬な手段を用いる,take strong (    ),強硬な(    )を用いる,
106 ,1 ,command,あやつる能力,have a good command of English,英語をうまくあやつる能力がある,have a good (    ) of English,英語をうまく(    )がある,
106 ,2 ,command,をみわたせる,The hill commands a fine view.,丘からいい景色をみわたせる,The hill (    ) a fine view.,丘からいい景色(    ),
106 ,3 ,command,を集める,command great respect,大いに尊敬を集める,(    ) great respect,大いに尊敬(    ),
107 ,3 ,bear,を持つ,bear relation to the matter,その問題に関係を持つ,(    ) relation to the matter,その問題に関係(    ),
107 ,2 ,bear,を産む,bear a child,子供を産む,(    ) a child,子供(    ),
107 ,1 ,bear,に耐える,bear the pain,痛みに耐える,(    ) the pain,痛み(    ),
108 ,4 ,stick,残った,The song stuck in my mind.,その歌は私の心に残った,The song (    ) in my mind.,その歌は私の心に(    ),
108 ,2 ,stick,動けなく,get stuck on a crowded train,混んだ列車で動けなくなる,get (    ) on a crowded train,混んだ列車で(    )なる,
108 ,3 ,stick,を突き出す,stick out my tongue,舌を突き出す,(    ) out my tongue,舌(    ),
108 ,1 ,stick,守る,stick to the schedule,予定を守る,(    ) to the schedule,予定を(    ),
109 ,3 ,fix,作って,I’ll fix you a drink.,飲み物を作ってあげる,I’ll (    ) you a drink.,飲み物を(    )あげる,
109 ,2 ,fix,を修理する,fix a broken car,壊れた車を修理する,(    ) a broken car,壊れた車(    ),
109 ,1 ,fix,固定された,a fixed point,固定された点,a (    ) point,(    )点,
110 ,2 ,fashion,を作る,fashion a new world,新しい世界を作る,(    ) a new world,新しい世界(    ),
110 ,1 ,fashion,やり方,in a similar fashion,同じようなやり方で,in a similar (    ),同じような(    )で,
111 ,2 ,charge,を請求する,charge a high price,高い代金を請求する,(    ) a high price,高い代金(    ),
111 ,4 ,charge,告訴される,be charged with murder,殺人で告訴される,be (    ) with murder,殺人で(    ),
111 ,3 ,charge,担当,He is in charge of the case.,彼がその事件の担当だ,He is in (    ) of the case.,彼がその事件の(    )だ,
111 ,1 ,charge,料金,free of charge,料金不要で,free of (    ),(    )不要で,
112 ,3 ,observe,を守る,observe the rule,規則を守る,(    ) the rule,規則(    ),
112 ,2 ,observe,と述べる,observe that prices would fall,物価は下がると述べる,(    ) that prices would fall,物価は下がる(    ),
112 ,1 ,observe,を観測する,observe the comet,彗星を観測する,(    ) the comet,彗星(    ),
113 ,2 ,conduct,行動,the standards of conduct,行動の基準,the standards of (    ),(    )の基準,
113 ,1 ,conduct,を行う,conduct an experiment,実験を行う,(    ) an experiment,実験(    ),
113 ,3 ,conduct,を伝える,conduct electricity,電気を伝える,(    ) electricity,電気(    ),
114 ,2 ,word,話,Could I have a word with you?,ちょっと話があるんですが,Could I have a (    ) with you?,ちょっと(    )があるんですが,
114 ,1 ,word,約束,I'll keep my word.,私は約束を守る,I'll keep my (    ).,私は(    )を守る,
115 ,3 ,touch,少し,add a touch of spice,スパイスを少し加える,add a (    ) of spice,スパイスを(    )加える,
115 ,2 ,touch,感動させた,The story touched him deeply.,その話は彼を深く感動させた,The story (    ) him deeply.,その話は彼を深く(    ),
115 ,1 ,touch,連絡,get in touch with him by phone,電話で彼に連絡をとる,get in (    ) with him by phone,電話で彼に(    )をとる,
116 ,1 ,degree,程度,agree to some degree,ある程度まで同意する,agree to some (    ),ある(    )まで同意する,
116 ,2 ,degree,学位,get a master's degree,修士の学位を取る,get a master's (    ),修士の(    )を取る,
117 ,1 ,lesson,教訓,learn a lesson from the failure,失敗から教訓を学ぶ,learn a (    ) from the failure,失敗から(    )を学ぶ,
118 ,1 ,deny,を否定する,deny the existence of God,神の存在を否定する,(    ) the existence of God,神の存在(    ),
118 ,2 ,deny,を与えない,deny them their civil rights,彼らに市民権を与えない,(    ) them their civil rights,彼らに市民権(    ),
119 ,1 ,break,休み,take a break for a cup of tea,一休みしてお茶を飲む,take a (    ) for a cup of tea,一(    )してお茶を飲む,
120 ,1 ,nature,本質,the nature of language,言語の本質,the (    ) of language,言語の(    ),
121 ,4 ,address,演説,the opening address,開会の演説,the opening (    ),開会の(    ),
121 ,2 ,address,に取り組む,address climate change,気候変動に取り組む,(    ) climate change,気候変動(    ),
121 ,3 ,address,に呼びかける,address the audience,聴衆に呼びかける,(    ) the audience,聴衆(    ),
121 ,1 ,address,宛てられた,a letter addressed to him,彼に宛てられた手紙,a letter (    ) to him,彼に(    )手紙,
122 ,2 ,press,切迫して,be pressed for time,時間が切迫している,be (    ) for time,時間が(    )いる,
122 ,1 ,press,出版,the freedom of the press,出版の自由,the freedom of the (    ),(    )の自由,
123 ,2 ,item,記事,the top news item,トップニュースの記事,the top news (    ),トップニュースの(    ),
123 ,1 ,item,品物,an expensive item,高価な品物,an expensive (    ),高価な(    ),
124 ,1 ,pity,同情,feel pity for the victims,犠牲者に同情する,feel (    ) for the victims,犠牲者に(    )する,
124 ,2 ,pity,残念なこと,It's a pity that he can't come.,彼が来られないのは残念なことだ,It's a (    ) that he can't come.,彼が来られないのは(    )だ,
125 ,1 ,beat,に勝つ,beat the champion,チャンピオンに勝つ,(    ) the champion,チャンピオン(    ),
126 ,1 ,point,指摘する,point out that it is wrong,それは誤りだと指摘する,(    ) out that it is wrong,それは誤りだと(    ),
126 ,2 ,point,意味,There's no point in writing it.,それを書く意味はない,There's no (    ) in writing it.,それを書く(    )はない,
126 ,3 ,point,主張,prove his point,彼の主張を証明する,prove his (    ),彼の(    )を証明する,
127 ,1 ,once,かつて,I lived there once.,私はかつてそこに住んでいた,I lived there (    ).,私は(    )そこに住んでいた,
127 ,2 ,once,とすぐ,"Once she arrives, we can start.",彼女が来るとすぐ我々は出発できる,"(    ) she arrives, we can start.",彼女が来る(    )我々は出発できる,
128 ,1 ,diet,食事,a healthy diet,健康的な食事,a healthy (    ),健康的な(    ),
128 ,3 ,diet,国会,a member of the Diet,国会議員,a member of the (    ),(    )議員,
128 ,2 ,diet,食事制限,She is on a diet.,彼女は食事制限をしている,She is on a (    ).,彼女は(    )をしている,
129 ,1 ,paper,論文,write a paper on economics,経済学の論文を書く,write a (    ) on economics,経済学の(    )を書く,
130 ,2 ,check,勘定書,a dinner check,ディナーの勘定書,a dinner (    ),ディナーの(    ),
130 ,3 ,check,を預ける,check bags at the airport,空港でバッグを預ける,(    ) bags at the airport,空港でバッグ(    ),
130 ,1 ,check,小切手,cash a check,小切手を現金に換える,cash a (    ),(    )を現金に換える,
131 ,1 ,bright,賢い,Meg is a bright girl.,メグは賢い子だ,Meg is a (    ) girl.,メグは(    )子だ,
132 ,1 ,sort,種,a sort of bird,一種の鳥,a (    ) of bird,一(    )の鳥,
132 ,2 ,sort,を分類する,sort papers by date,日付で書類を分類する,(    ) papers by date,日付で書類(    ),
133 ,1 ,court,裁判,The case went to court.,その事件は裁判になった,The case went to (    ).,その事件は(    )になった,
134 ,2 ,bound,行きだ,The plane is bound for Guam.,その飛行機はグアム行きだ,The plane is (    ) for Guam.,その飛行機はグアム(    ),
134 ,1 ,bound,きっと,He is bound to fail.,彼はきっと失敗する,He is (    ) to fail.,彼は(    )失敗する,
134 ,3 ,bound,縛られる,be bound by law,法律に縛られる,be (    ) by law,法律に(    ),
135 ,2 ,flat,アパート,live in a flat in London,ロンドンのアパートに住む,live in a (    ) in London,ロンドンの(    )に住む,
135 ,1 ,flat,平らな,a flat surface,平らな表面,a (    ) surface,(    )表面,
136 ,2 ,spare,を割く,spare him a few minutes,彼のために少し時間を割く,(    ) him a few minutes,彼のために少し時間(    ),
136 ,3 ,spare,を省く,spare him the trouble,彼の面倒を省く,(    ) him the trouble,彼の面倒(    ),
136 ,4 ,spare,を惜しま,spare no effort to help her,彼女を助ける努力を惜しまない,(    ) no effort to help her,彼女を助ける努力(    )ない,
136 ,1 ,spare,余分な,have no spare money,余分なお金はない,have no (    ) money,(    )お金はない,
137 ,1 ,capital,首都,the capital of Australia,オーストラリアの首都,the (    ) of Australia,オーストラリアの(    ),
137 ,2 ,capital,資本,labor and capital,労働と資本,labor and (    ),労働と(    ),
138 ,1 ,tongue,言葉,speak in a foreign tongue,外国の言葉でしゃべる,speak in a foreign (    ),外国の(    )でしゃべる,
139 ,1 ,credit,功績,credit for the discovery,その発見の功績,(    ) for the discovery,その発見の(    ),
139 ,2 ,credit,単位,college credits,大学の単位,college (    ),大学の(    ),
140 ,1 ,succeed,受け継ぐ,succeed to the crown,王位を受け継ぐ,(    ) to the crown,王位を(    ),
141 ,2 ,settle,定住する,settle in America,アメリカに定住する,(    ) in America,アメリカに(    ),
141 ,3 ,settle,落ち着く,get married and settle down,結婚して落ち着く,get married and (    ) down,結婚して(    ),
141 ,1 ,settle,を解決する,settle the dispute,紛争を解決する,(    ) the dispute,紛争(    ),
142 ,1 ,vision,未来像,a vision of the city,その都市の未来像,a (    ) of the city,その都市の(    ),
142 ,3 ,vision,視力,have poor vision,視力が弱い,have poor (    ),(    )が弱い,
142 ,2 ,vision,先見の明,a leader of vision,先見の明のある指導者,a leader of (    ),(    )のある指導者,
143 ,1 ,but,だけ,I have but one question.,１つだけ質問がある,I have (    ) one question.,１つ(    )質問がある,
143 ,2 ,but,を除いて,They all went out but me.,私を除いて皆出かけた,They all went out (    ) me.,私(    )皆出かけた,
144 ,1 ,given,特定の,in a given situation,ある特定の状況で,in a (    ) situation,ある(    )状況で,
144 ,3 ,given,ことを考慮すると,given that you are young,君が若いことを考慮すると,(    ) that you are young,君が若い(    ),
144 ,2 ,given,を考慮すると,given the present conditions,現状を考慮すると,(    ) the present conditions,現状(    ),
145 ,2 ,pay,割に合う,Honesty doesn't always pay.,正直は割に合うとは限らない,Honesty doesn't always (    ).,正直は(    )とは限らない,
145 ,1 ,pay,給料,equal pay for equal work,同じ仕事に対する同じ給料,equal (    ) for equal work,同じ仕事に対する同じ(    ),
146 ,1 ,good,かなり,a good many people,かなり多くの人,a (    ) many people,(    )多くの人,
146 ,2 ,good,利益,work for the public good,公共の利益のために働く,work for the public (    ),公共の(    )のために働く,
147 ,2 ,discipline,分野,scientists of many disciplines,いろんな分野の科学者たち,scientists of many (    ),いろんな(    )の科学者たち,
147 ,1 ,discipline,規律,teach students discipline,学生に規律を教える,teach students (    ),学生に(    )を教える,
148 ,2 ,bill,紙幣,a ten dollar bill,10ドル紙幣,a ten dollar (    ),10ドル(    ),
148 ,1 ,bill,請求書,an electricity bill,電気代の請求書,an electricity (    ),電気代の(    ),
148 ,3 ,bill,法案,pass a bill,法案を可決する,pass a (    ),(    )を可決する,
149 ,3 ,relief,除去,relief from stress,ストレスの除去,(    ) from stress,ストレスの(    ),
149 ,1 ,relief,安心,breathe a sigh of relief,安心してため息をつく,breathe a sigh of (    ),(    )してため息をつく,
149 ,2 ,relief,救済,relief from poverty,貧困に対する救済,(    ) from poverty,貧困に対する(    ),
150 ,2 ,board,委員会,the school board,教育委員会,the school (    ),教育(    ),
150 ,1 ,board,に乗り込む,board a plane,飛行機に乗り込む,(    ) a plane,飛行機(    ),
151 ,1 ,mad,腹を立てた,She got mad at me.,彼女は私に腹を立てた,She got (    ) at me.,彼女は私に(    ),
152 ,3 ,yield,取って代わられた,Radio yielded to television.,ラジオはテレビに取って代わられた,Radio (    ) to television.,ラジオはテレビに(    ),
152 ,2 ,yield,屈する,yield to pressure,圧力に屈する,(    ) to pressure,圧力に(    ),
152 ,1 ,yield,を産出する,yield food and wood,食料や木材を産出する,(    ) food and wood,食料や木材(    ),
153 ,2 ,rear,を育てる,rear three children,３人の子供を育てる,(    ) three children,３人の子供(    ),
153 ,1 ,rear,後部,a rear seat,後部座席,a (    ) seat,(    )座席,
154 ,1 ,fancy,高級,fancy restaurant,高級レストラン,(    ) restaurant,(    )レストラン,
154 ,2 ,fancy,と想像する,fancy myself a novelist,自分が小説家だと想像する,(    ) myself a novelist,自分が小説家だ(    ),
155 ,2 ,shame,残念なこと,What a shame!,なんと残念なことか,What a (    )!,なんと(    )か,
155 ,1 ,shame,恥,feel no shame,恥と思わない,feel no (    ),(    )と思わない,
156 ,1 ,waste,を浪費する,waste money,お金を浪費する,(    ) money,お金(    ),
156 ,2 ,waste,廃棄物,industrial waste,産業廃棄物,industrial (    ),産業(    ),
157 ,1 ,drive,を追い,drive the dog away,犬を追い払う,(    ) the dog away,犬(    )払う,
157 ,2 ,drive,駆りたて,be driven by curiosity,好奇心に駆りたてられる,be (    ) by curiosity,好奇心に(    )られる,
157 ,3 ,drive,欲求,my strong drive to succeed,成功したいという強い欲求,my strong (    ) to succeed,成功したいという強い(    ),
158 ,1 ,accent,なまり,English with an Italian accent,イタリアなまりの英語,English with an Italian (    ),イタリア(    )の英語,
159 ,1 ,make,になる,He will make a good teacher.,彼はよい教師になるだろう,He will (    ) a good teacher.,彼はよい教師(    )だろう,
160 ,2 ,late,故,the late Mr. Ford,故フォード氏,the (    ) Mr. Ford,(    )フォード氏,
160 ,1 ,late,終わりごろ,in his late thirties,彼の30代の終わりごろに,in his (    ) thirties,彼の30代の(    )に,
161 ,2 ,soul,１人,There was not a soul there.,そこには１人もいなかった,There was not a (    ) there.,そこには(    )もいなかった,
161 ,1 ,soul,魂,her body and soul,彼女の肉体と魂,her body and (    ),彼女の肉体と(    ),
162 ,1 ,arms,軍備,arms control,軍備制限,(    ) control,(    )制限,
163 ,1 ,vice,悪徳,virtue and vice,美徳と悪徳,virtue and (    ),美徳と(    ),
163 ,2 ,vice,副,vice president,副大統領,(    ) president,(    )大統領,
164 ,1 ,story,階,a five-story building,５階建ての建物,a five-(    ) building,５(    )建ての建物,
165 ,1 ,move,感動した,She was moved by my story.,彼女は私の話に感動した,She was (    ) by my story.,彼女は私の話に(    ),
166 ,1 ,lot,場,a parking lot,駐車場,a parking (    ),駐車(    ),
166 ,2 ,lot,運命,She accepted her lot.,彼女は運命を受け入れた,She accepted her (    ).,彼女は(    )を受け入れた,
167 ,1 ,trick,芸,teach the dolphin new tricks,イルカに新しい芸を教える,teach the dolphin new (    ),イルカに新しい(    )を教える,
167 ,5 ,trick,たくらみ,a clever trick,巧妙なたくらみ,a clever (    ),巧妙な(    ),
167 ,3 ,trick,いたずら,play a trick on the teacher,先生にいたずらする,play a (    ) on the teacher,先生に(    )する,
167 ,2 ,trick,コツ,a trick for memorizing words,単語を覚えるコツ,a (    ) for memorizing words,単語を覚える(    ),
167 ,4 ,trick,をだまして,trick him into buying the pot,彼をだましてそのつぼを買わせる,(    ) him into buying the pot,彼(    )そのつぼを買わせる,
168 ,1 ,spring,出現する,New companies will spring up there.,そこに新しい会社が出現するだろう,New companies will (    ) up there.,そこに新しい会社が(    )だろう,
169 ,2 ,pose,を提起する,pose a question,疑問を提起する,(    ) a question,疑問(    ),
169 ,1 ,pose,を引き起こす,pose a problem,問題を引き起こす,(    ) a problem,問題(    ),
170 ,1 ,fit,適する,the water is fit to drink,その水は飲むのに適する,the water is (    ) to drink,その水は飲むのに(    ),
170 ,2 ,fit,健康で,go to the gym to keep fit,健康でいるためにジムに通う,go to the gym to keep (    ),(    )いるためにジムに通う,
171 ,5 ,note,紙幣,a ten-pound note,10ポンド紙幣,a ten-pound (    ),10ポンド(    ),
171 ,2 ,note,書いた,He noted that America is a big country.,アメリカは大国だと彼は書いた,He (    ) that America is a big country.,アメリカは大国だと彼は(    ),
171 ,3 ,note,注意しなさい,Note that the book is non-fiction.,その本は実話だということに注意しなさい,(    ) that the book is non-fiction.,その本は実話だということに(    ),
171 ,4 ,note,有名だ,He is noted for his intelligence.,彼は知的なことで有名だ,He is (    ) for his intelligence.,彼は知的なことで(    ),
171 ,1 ,note,メモ,take notes on what you hear,聞くことをメモする,take (    ) on what you hear,聞くことを(    )する,
172 ,2 ,control,対照,control group,実験の対照群,(    ) group,実験の(    )群,
172 ,1 ,control,規制,gun control laws,銃規制法,gun (    ) laws,銃(    )法,
173 ,1 ,authority,当局,the school authorities,学校当局,the school (    ),学校(    ),
173 ,2 ,authority,権力,the authority of the state,国家の権力,the (    ) of the state,国家の(    ),
173 ,3 ,authority,権威,an authority on biology,生物学の権威,an (    ) on biology,生物学の(    ),
174 ,1 ,say,たとえば,"Consider a fruit, say, an orange.",フルーツ、たとえばオレンジを考えよ,"Consider a fruit, (    ), an orange.",フルーツ、(    )オレンジを考えよ,
174 ,2 ,say,と仮定しよう,Let's say you have a million dollars.,君が100万ドル持っていると仮定しよう,Let's (    ) you have a million dollars.,君が100万ドル持っている(    ),
174 ,3 ,say,どうですか,What do you say to going on a trip?,旅に出かけたらどうですか,What do you (    ) to going on a trip?,旅に出かけたら(    ),
175 ,1 ,fast,ぐっすり,She is fast asleep,彼女はぐっすり眠っている,She is (    ) asleep,彼女は(    )眠っている,
176 ,1 ,minute,細かい,minute differences,細かい違い,(    ) differences,(    )違い,
177 ,1 ,sentence,判決,a death sentence,死刑の判決,a death (    ),死刑の(    ),
178 ,1 ,gifted,才能ある,a gifted pianist,才能あるピアニスト,a (    ) pianist,(    )ピアニスト,
179 ,1 ,like,など,"apples, peaches, and the like",リンゴや桃など,"apples, peaches, and the (    )",リンゴや桃(    ),
180 ,1 ,coin,を作り出す,coin a new term,新語を作り出す,(    ) a new term,新語(    ),
181 ,2 ,spell,続き,a long dry spell,長い日照り続き,a long dry (    ),長い日照り(    ),
181 ,1 ,spell,魔法,She cast a spell on me.,彼女は私に魔法をかけた,She cast a (    ) on me.,彼女は私に(    )をかけた,
182 ,1 ,air,様子,an air of confidence,自信がある様子,an (    ) of confidence,自信がある(    ),
183 ,1 ,game,獲物,go hunting for big game,大きな獲物を狩りに行く,go hunting for big (    ),大きな(    )を狩りに行く,
184 ,2 ,condition,左右されている,Our lives are conditioned by technology.,私たちの生活は技術に左右されている,Our lives are (    ) by technology.,私たちの生活は技術に(    ),
184 ,1 ,condition,慣らされている,We've been conditioned to believe that busier is better.,私たちは忙しい方がよいと信じるように慣らされている,We've been (    ) to believe that busier is better.,私たちは忙しい方がよいと信じるように(    ),
